"b2b_id","b2b_account","b2b_password","b2b_name","b2b_email","b2b_mobile","fk_b2b_job_id"
"1","user1","password1","王大明","user1@example.com","0912345678","1"
"2","user2","password2","陳小美","user2@example.com","0923456789","2"
"3","user3","password3","張立偉","user3@example.com","0934567890","3"
"4","user4","password4","林小華","user4@example.com","0945678901","4"
"5","user5","password5","李大勇","user5@example.com","0956789012","4"
"6","user6","password6","吳小婷","user6@example.com","0967890123","4"
"7","user7","password7","許明德","user7@example.com","0978901234","4"
"8","user8","password8","呂美玲","user8@example.com","0989012345","4"
"9","user9","password9","洪正男","user9@example.com","0990123456","3"
"10","user10","password10","蔡小雨","user10@example.com","0910123456","2"
