﻿"b2c_id","b2c_name","b2c_email","b2c_password","b2c_birth","b2c_mobile","b2c_avatar","fk_county_id","fk_city_id","b2c_address","b2c_IDcard"
"1","陳小明","chenxiaoming@example.com","password123","1990-05-15","0912345678","avatar1.jpg","1","1","忠孝東路1段1號","A123456789"
"2","林小美","linxiaomei@example.com","pass456","1988-08-20","0923456789","avatar2.jpg","2","2","民族路1段2號","B234567890"
"3","王大力","wangdali@example.com","hello789","1995-03-10","0934567890","avatar3.jpg","3","3","文心路2段3號","C345678901"
"4","張小芳","zhangxiaofang@example.com","test123","1992-11-25","0945678901","avatar4.jpg","4","4","安中路3段4號","D456789012"
"5","黃大頭","huangdatou@example.com","abcxyz","1980-12-05","0956789012","avatar5.jpg","5","5","左營大路4段5號","E567890123"
"6","吳小菁","wuxiaojing@example.com","pwd987","1998-09-30","0967890123","avatar6.jpg","6","6","愛四路5段6號","F678901234"
"7","許大發","hudafa@example.com","passwd123","1993-04-18","0978901234","avatar7.jpg","7","7","東大路6段7號","G789012345"
"8","蔡小鳳","caixiaofeng@example.com","letmein","1987-07-22","0989012345","avatar8.jpg","8","8","西榮路7段8號","H890123456"
"9","楊大山","yangdashan@example.com","passpass","1991-06-12","0990123456","avatar9.jpg","9","9","中正路8段9號","I901234567"
"10","劉小虎","liuxiaohu@example.com","123456","1985-02-28","0912345678","avatar10.jpg","10","10","中山路9段10號","J012345678"
"11","陳小明","chenxiaoming2@example.com","password123","1990-05-15","0912345678","avatar1.jpg","1","1","忠孝東路1段11號","A123456789"
"12","林小美","linxiaomei2@example.com","pass456","1988-08-20","0923456789","avatar2.jpg","2","2","民族路1段12號","B234567890"
"13","王大力","wangdali2@example.com","hello789","1995-03-10","0934567890","avatar3.jpg","3","3","文心路2段13號","C345678901"
"14","張小芳","zhangxiaofang2@example.com","test123","1992-11-25","0945678901","avatar4.jpg","4","4","安中路3段14號","D456789012"
"15","黃大頭","huangdatou2@example.com","abcxyz","1980-12-05","0956789012","avatar5.jpg","5","5","左營大路4段15號","E567890123"
"16","吳小菁","wuxiaojing2@example.com","pwd987","1998-09-30","0967890123","avatar6.jpg","6","6","愛四路5段16號","F678901234"
"17","許大發","hudafa2@example.com","passwd123","1993-04-18","0978901234","avatar7.jpg","7","7","東大路6段17號","G789012345"
"18","蔡小鳳","caixiaofeng2@example.com","letmein","1987-07-22","0989012345","avatar8.jpg","8","8","西榮路7段18號","H890123456"
"19","楊大山","yangdashan2@example.com","passpass","1991-06-12","0990123456","avatar9.jpg","9","9","中正路8段19號","I901234567"
"20","劉小虎","liuxiaohu2@example.com","123456","1985-02-28","0912345678","avatar10.jpg","10","10","中山路9段20號","J012345678"
"21","陳小明","chenxiaoming3@example.com","password123","1990-05-15","0912345678","avatar1.jpg","1","1","忠孝東路1段21號","A123456789"
"22","林小美","linxiaomei3@example.com","pass456","1988-08-20","0923456789","avatar2.jpg","2","2","民族路1段22號","B234567890"
"23","王大力","wangdali3@example.com","hello789","1995-03-10","0934567890","avatar3.jpg","3","3","文心路2段23號","C345678901"
"24","張小芳","zhangxiaofang3@example.com","test123","1992-11-25","0945678901","avatar4.jpg","4","4","安中路3段24號","D456789012"
"25","黃大頭","huangdatou3@example.com","abcxyz","1980-12-05","0956789012","avatar5.jpg","5","5","左營大路4段25號","E567890123"
"26","吳小菁","wuxiaojing3@example.com","pwd987","1998-09-30","0967890123","avatar6.jpg","6","6","愛四路5段26號","F678901234"
"27","許大發","hudafa3@example.com","passwd123","1993-04-18","0978901234","avatar7.jpg","7","7","東大路6段27號","G789012345"
"28","蔡小鳳","caixiaofeng3@example.com","letmein","1987-07-22","0989012345","avatar8.jpg","8","8","西榮路7段28號","H890123456"
"29","楊大山","yangdashan3@example.com","passpass","1991-06-12","0990123456","avatar9.jpg","9","9","中正路8段29號","I901234567"
"30","劉小虎","liuxiaohu3@example.com","123456","1985-02-28","0912345678","avatar10.jpg","10","10","中山路9段30號","J012345678"
"31","陳小明","chenxiaoming4@example.com","password123","1990-05-15","0912345678","avatar1.jpg","1","1","忠孝東路1段31號","A123456789"
"32","林小美","linxiaomei4@example.com","pass456","1988-08-20","0923456789","avatar2.jpg","2","2","民族路1段32號","B234567890"
"33","王大力","wangdali4@example.com","hello789","1995-03-10","0934567890","avatar3.jpg","3","3","文心路2段33號","C345678901"
"34","張小芳","zhangxiaofang4@example.com","test123","1992-11-25","0945678901","avatar4.jpg","4","4","安中路3段34號","D456789012"
"35","黃大頭","huangdatou4@example.com","abcxyz","1980-12-05","0956789012","avatar5.jpg","5","5","左營大路4段35號","E567890123"
"36","吳小菁","wuxiaojing4@example.com","pwd987","1998-09-30","0967890123","avatar6.jpg","6","6","愛四路5段36號","F678901234"
"37","許大發","hudafa4@example.com","passwd123","1993-04-18","0978901234","avatar7.jpg","7","7","東大路6段37號","G789012345"
"38","蔡小鳳","caixiaofeng4@example.com","letmein","1987-07-22","0989012345","avatar8.jpg","8","8","西榮路7段38號","H890123456"
"39","楊大山","yangdashan4@example.com","passpass","1991-06-12","0990123456","avatar9.jpg","9","9","中正路8段39號","I901234567"
"40","劉小虎","liuxiaohu4@example.com","123456","1985-02-28","0912345678","avatar10.jpg","10","10","中山路9段40號","J012345678"