﻿booking_id,fk_b2c_id,fk_pet_id,fk_project_id,fk_reservation_id,booking_date,booking_note
1,1,1,1,1,2024-6-13 10:00,寵物有過敏史
2,2,2,2,2,2024-7-4 12:00,喜歡陽光的地方
3,3,3,3,3,2024-7-16 10:25,需要定期運動
4,4,4,4,4,2024-5-31 15:30,定時服用藥物
5,5,5,5,5,2024-5-24 19:20,害怕雷聲
6,6,6,6,6,2024-6-18 08:24,喜歡跟其他寵物玩耍
7,7,7,7,7,2024-8-20 20:18,需要獨立空間
8,8,8,8,8,2024-6-17 18:02,害怕大型狗狗
9,9,9,9,9,2024-8-20 14:09,需要每日梳毛
10,10,10,10,10,2024-5-26 21:40,對聲音敏感
