message_id,message_content,message_date,message_img,fk_article_id,fk_b2c_id
1,有更多他的照片嗎？他感覺胖胖的頗可愛。,2024-04-29 0:00:00,,1,1
2,很詳細，但是不看的人還是不看，說有做功課也不知道是做什麼鬼功課的人就會上來PO討拍勸世文,2024-04-30 0:00:00,,1,2
3,這篇真的超詳細～推,2024-05-01 0:00:00,,1,5
4,詳細推 以後有人再伸手 我就貼這篇給他看,2024-05-03 0:00:00,,1,8
5,寫得很詳細 推推 附上我家虎斑,2024-04-28 0:00:00,r4fs1d1.png,1,9
6,有些攤位會有試吃零時、飼料或是罐罐，每次都帶主子去吃buffet或是有些攤位可以參加活動，拿到一些小贈品也很好玩。去年7月的台北寵物展我有拿到蚤不到Line粉絲的限定禮，是防水野餐墊和保冰保溫袋，材質不錯很實用。還有看到全能狗S和導盲犬的義賣活動，忍不住買了一件T桖，希望能幫助到導盲犬這些團體。,2024-05-04 0:00:00,,3,12
7,近年寵物展人越來越多建議帶推車不然小型狗在地上跑很容易被踩到或撞到，很危險還有要記得使用禮貌帶，不然清潔阿姨會很辛苦,2024-05-06 0:00:00,,3,25
8,哇~去展感覺要做好多功課 請問要去哪裡查有什麼廠商會參加呢？ 官網沒看到… 這次主要是想看看能不能買到便宜的全能狗S 之前去獸醫院時醫師有推薦我 但礙於價格當時並沒有買 去寵物展買 會不會比較便宜?,2024-05-06 0:00:00,,3,40