﻿"pet_id","pet_chip","pet_name","pet_sex","pet_birth","pet_type","pet_breed","fk_b2c_id"
"1","4gHjZ9oPqRtYu12","阿福","公","2019-05-10","2","法國鬥牛犬","1"
"2","aB3cD5eF7gH9iJK","米粒","母","2020-08-15","1","比特犬","2"
"3","1aBcDeF4gHiJkLM","皮蛋","公","2018-04-20","3","柴犬","3"
"4","rS2tU3vW4xY5zA6","咖啡","母","2017-12-25","2","波斯貓","4"
"5","nM7bV8cX9dZ0FgH","奶茶","公","2016-10-30","1","哈士奇","5"
"6","qWeR7tYu8i2oP3a","餅乾","母","2015-07-05","3","拉布拉多","6"
"7","lK4jH5gF6dS7aZ8","糖果","公","2014-03-10","2","英國短毛貓","7"
"8","zX1cV2bN3m4n5B","蛋黃","母","2013-09-15","1","比特犬","8"
"9","qWeRtY6uI7oP8aS","冰淇淋","公","2012-06-20","3","薩摩耶犬","9"
"10","5dFgHjKlM6nBvC","奶油","母","2011-02-25","1","法國鬥牛犬","10"
"11","qWeR7tYu8i2oP3","小寶貝1","公","2023-05-10","2","寵物狗","11"
"12","9aBcDeF4gHiJkL","小寶貝2","母","2022-08-15","1","寵物貓","12"
"13","nM7bV8cX9dZ0Fg","小寶貝3","公","2021-04-20","3","拉布拉多","13"
"14","qWeRtY6uI7oP8a","小寶貝4","母","2020-12-25","2","柴犬","14"
"15","qWeR7tYu8i2oP3","小寶貝5","公","2019-10-30","1","哈士奇","15"
"16","9aBcDeF4gHiJkL","小寶貝6","母","2018-07-05","3","法國鬥牛犬","16"
"17","lK4jH5gF6dS7aZ","小寶貝7","公","2017-03-10","2","英國短毛貓","17"
"18","zX1cV2bN3m4n5B","小寶貝8","母","2016-09-15","1","比特犬","18"
"19","qWeRtY6uI7oP8a","小寶貝9","公","2015-06-20","3","薩摩耶犬","19"
"20","5dFgHjKlM6nBvC","小寶貝10","母","2014-02-25","1","波斯貓","20"
"21","qWeR7tYu8i2oP3","小寶貝11","公","2013-05-10","2","拉布拉多","21"
"22","9aBcDeF4gHiJkL","小寶貝12","母","2012-08-15","1","哈士奇","22"
"23","nM7bV8cX9dZ0Fg","小寶貝13","公","2011-04-20","3","柴犬","23"
"24","qWeRtY6uI7oP8a","小寶貝14","母","2010-12-25","2","英國短毛貓","24"
"25","qWeR7tYu8i2oP3","小寶貝15","公","2009-10-30","1","比特犬","25"
"26","9aBcDeF4gHiJkL","小寶貝16","母","2008-07-05","3","法國鬥牛犬","26"
"27","lK4jH5gF6dS7aZ","小寶貝17","公","2007-03-10","2","拉布拉多","27"
"28","zX1cV2bN3m4n5B","小寶貝18","母","2006-09-15","1","哈士奇","28"
"29","qWeRtY6uI7oP8a","小寶貝19","公","2005-06-20","3","柴犬","29"
"30","5dFgHjKlM6nBvC","小寶貝20","母","2004-02-25","1","波斯貓","30"
"31","qWeR7tYu8i2oP3","小寶貝21","公","2003-05-10","2","拉布拉多","31"
"32","9aBcDeF4gHiJkL","小寶貝22","母","2002-08-15","1","哈士奇","32"
"33","nM7bV8cX9dZ0Fg","小寶貝23","公","2001-04-20","3","柴犬","33"
"34","qWeRtY6uI7oP8a","小寶貝24","母","2000-12-25","2","英國短毛貓","34"
"35","qWeR7tYu8i2oP3","小寶貝25","公","1999-10-30","1","比特犬","35"
"36","9aBcDeF4gHiJkL","小寶貝26","母","1998-07-05","3","法國鬥牛犬","36"
"37","lK4jH5gF6dS7aZ","小寶貝27","公","1997-03-10","2","拉布拉多","37"
"38","zX1cV2bN3m4n5B","小寶貝28","母","1996-09-15","1","哈士奇","38"
"39","qWeRtY6uI7oP8a","小寶貝29","公","1995-06-20","3","柴犬","39"
"40","5dFgHjKlM6nBvC","小寶貝30","母","1994-02-25","1","波斯貓","40"
