﻿picture_id,fk_product_id,picture_name,picture_url
1,10,圖片1,https://example.com/pictures/pic1.jpg
2,10,圖片2,https://example.com/pictures/pic2.jpg
3,3,圖片3,https://example.com/pictures/pic3.jpg
4,7,圖片4,https://example.com/pictures/pic4.jpg
5,5,圖片5,https://example.com/pictures/pic5.jpg
6,4,圖片6,https://example.com/pictures/pic6.jpg
7,4,圖片7,https://example.com/pictures/pic7.jpg
8,2,圖片8,https://example.com/pictures/pic8.jpg
9,1,圖片9,https://example.com/pictures/pic9.jpg
10,9,圖片10,https://example.com/pictures/pic10.jpg
