﻿product_id,product_name,product_description,product_price,product_quantity,product_category,product_date,product_last_modified
1,Product 1,Description for Product 1,24,42,Category 1,2024/4/24,2024/4/24
2,Product 2,Description for Product 2,46,69,Category 2,2024/4/24,2024/4/24
3,Product 3,Description for Product 3,12,18,Category 3,2024/4/24,2024/4/24
4,Product 4,Description for Product 4,79,87,Category 1,2024/4/24,2024/4/24
5,Product 5,Description for Product 5,34,53,Category 2,2024/4/24,2024/4/24
6,Product 6,Description for Product 6,57,29,Category 3,2024/4/24,2024/4/24
7,Product 7,Description for Product 7,90,64,Category 1,2024/4/24,2024/4/24
8,Product 8,Description for Product 8,43,37,Category 2,2024/4/24,2024/4/24
9,Product 9,Description for Product 9,65,81,Category 3,2024/4/24,2024/4/24
10,Product 10,Description for Product 10,22,46,Category 1,2024/4/24,2024/4/24
