﻿project_id,project_level,project_name,project_content,project_fee
1,1,寵物美容,包括洗澡、修剪、梳毛等,600
2,2,寵物運動場,提供寵物運動和娛樂設施,350
3,3,寵物醫療保健,提供定期檢查和基本醫療服務,1200
4,4,寵物溝通訓練,幫助主人和寵物之間的溝通,2800
5,5,寵物托管服務,提供寵物短期托管服務,800
6,6,寵物美容SPA,提供更高級的美容服務,1100
7,7,寵物社交活動,安排寵物聚會和社交活動,500
8,8,寵物緊急救援,提供24小時的緊急救援服務,1800
9,9,寵物餐飲服務,提供優質的寵物餐飲服務,300
10,10,寵物訓練課程,提供基礎和進階的寵物訓練,1000