﻿request_id,request_date,request_status,payment_status,fk_b2c_id,request_price,fk_county_id,fk_city_id,recipient_address,recipient_mobile,recipient_email
1,2024/4/24,已完成,1,1,1350,1,20,明德街28號,912345678,example1@gmail.com
2,2024/4/25,運送中,0,4,1870,3,31,天祥一街20號,923456789,example2@gmail.com
3,2024/4/26,已完成,1,10,890,2,11,永春路33號,934567890,example3@gmail.com
4,2024/4/27,未完成,0,9,540,4,25,檳榔路12號,945678901,example4@gmail.com
5,2024/4/28,已完成,1,7,720,1,5,金嵐29號,956789012,example5@gmail.com
6,2024/4/29,運送中,0,2,980,5,17,新上路28號,967890123,example6@gmail.com
7,2024/4/30,未完成,0,3,420,3,19,開南街22號,978901234,example7@gmail.com
8,2024/5/1,已完成,1,5,610,6,4,小雅路20號,989012345,example8@gmail.com
9,2024/5/2,運送中,0,8,340,1,1,瑞興街19號,990123456,example9@gmail.com
10,2024/5/3,未完成,0,6,920,4,8,新發路27號,911234567,example10@gmail.com
