﻿request_detail_id,fk_request_id,fk_product_id,purchase_quantity,comment_score,comment_comments,comment_image
1,1,3,2,4,商品很好，物超所值,https://example.com/comment1.jpg
2,1,2,1,5,非常滿意，快速送達,https://example.com/comment2.jpg
3,2,5,3,NULL,NULL,https://example.com/comment4.jpg
4,5,6,1,3,稍微有點小瑕疵,https://example.com/comment5.jpg
5,5,4,2,5,質量很好，非常喜歡,https://example.com/comment5.jpg
6,7,4,1,NULL,NULL,https://example.com/comment7.jpg
7,3,3,3,4,物品與描述相符，值得推薦,https://example.com/comment8.jpg
8,6,1,2,5,完美的購物體驗，謝謝,https://example.com/comment9.jpg
9,9,5,1,2,貨運時間有點久,https://example.com/comment8.jpg
10,9,9,3,NULL,NULL,https://example.com/comment9.jpg