﻿reservation_id,fk_b2c_id,fk_pet_id,reservation_date,note
1,1,1,2024-05-10 10:00:00,喜歡小狗
2,2,2,2024-05-12 14:30:00,不接受貓
3,3,3,2024-05-11 11:00:00,特別需要寵物友好的環境
4,4,4,2024-05-13 09:45:00,小狗有特殊飲食需求
5,5,5,2024-05-14 16:20:00,寵物有藥物治療
6,6,6,2024-05-15 13:10:00,寵物需要定期檢查
7,7,7,2024-05-16 12:00:00,寵物喜歡與其他寵物互動
8,8,8,2024-05-17 15:30:00,小貓需要特別安靜的空間
9,9,9,2024-05-18 10:45:00,寵物對新環境感到不安
10,10,10,2024-05-19 11:20:00,寵物需要定時餵食